Name	Abbreviation	GenBank
Human Cytomegalovirus	CMV ( HHV-5)	AY446894.2
Epstein-Barr virus	EBV (HHV-4)	AJ507799.2
Hepatitis B	HBV	X04615.1
Hepatitis C	HCV-1	AF009606.1
Hepatitis C	HCV-2	AF177036.1
Human immunodeficiency virus 1	HIV-1	AF033819.3
Human immunodeficiency virus 2	HIV-2	M30502.1
Human herpes virus 8	"HHV-8, KSHV"	AF148805.2
Human T-lymphotropic virus 1	HTLV-1	AF033817.1
Merkel cell polyomavirus	MCV	HM011556.1
Simian vacuolating virus 40	SV40	J02400.1
Human papillomavirus 16	HPV16	K02718
Human papillomavirus 18	HPV18	X05015
Human papillomavirus 26	HPV26	X74472
Human papillomavirus 31	HPV31	J04353
Human papillomavirus 33	HPV33	M12732
Human papillomavirus 35	HPV35	X74477
Human papillomavirus 39	HPV39	M62849
Human papillomavirus 45	HPV45	X74479
Human papillomavirus 51	HPV51	M62877
Human papillomavirus 52	HPV52	X74481
Human papillomavirus 53	HPV53	X74482
Human papillomavirus 56	HPV56	X74483
Human papillomavirus 58	HPV58	D90400
Human papillomavirus 59	HPV59	X77858
Human papillomavirus 66	HPV66	U31794
Human papillomavirus 68	HPV68	DQ080079
Human papillomavirus 69	HPV69	AB027020
Human papillomavirus 73	HPV73	X94165
Human papillomavirus 82	HPV82	AB027021
Human papillomavirus 1	HPV1	V01116
Human papillomavirus 2	HPV2	X55964
Human papillomavirus 3	HPV3	X74462
Human papillomavirus 4	HPV4	X70827
Human papillomavirus 5	HPV5	M17463
Human papillomavirus 6	HPV6	X00203
Human papillomavirus 7	HPV7	X74463
Human papillomavirus 8	HPV8	M12737
Human papillomavirus 9	HPV9	X74464
Human papillomavirus 10	HPV10	X74465
Human papillomavirus 11	HPV11	M14119
Human papillomavirus 12	HPV12	X74466
Human papillomavirus 13	HPV13	X62843
Human papillomavirus 14	HPV14	X74467
Human papillomavirus 15	HPV15	X74468
Human papillomavirus 17	HPV17	X74469
Human papillomavirus 19	HPV19	X74470
Human papillomavirus 20	HPV20	U31778
Human papillomavirus 21	HPV21	U31779
Human papillomavirus 22	HPV22	U31780
Human papillomavirus 23	HPV23	U31781
Human papillomavirus 24	HPV24	U31782
Human papillomavirus 25	HPV25	X74471
Human papillomavirus 27	HPV27	X74473
Human papillomavirus 28	HPV28	U31783
Human papillomavirus 29	HPV29	U31784
Human papillomavirus 30	HPV30	X74474
Human papillomavirus 32	HPV32	X74475
Human papillomavirus 34	HPV34	X74476
Human papillomavirus 36	HPV36	U31785
Human papillomavirus 37	HPV37	U31786
Human papillomavirus 38	HPV38	U31787
Human papillomavirus 40	HPV40	X74478
Human papillomavirus 41	HPV41	X56147
Human papillomavirus 42	HPV42	M73236
Human papillomavirus 43	HPV43	AJ620205
Human papillomavirus 44	HPV44	U31788
Human papillomavirus 47	HPV47	M32305
Human papillomavirus 48	HPV48	U31789
Human papillomavirus 49	HPV49	X74480
Human papillomavirus 50	HPV50	U31790
Human papillomavirus 54	HPV54	AF436129
Human papillomavirus 57	HPV57	X55965
Human papillomavirus 60	HPV60	U31792
Human papillomavirus 61	HPV61	U31793
Human papillomavirus 62	HPV62	AY395706
Human papillomavirus 63	HPV63	X70828
Human papillomavirus 65	HPV65	X70829
Human papillomavirus 67	HPV67	D21208
Human papillomavirus 70	HPV70	U21941
Human papillomavirus 71	HPV71	AB040456
Human papillomavirus 72	HPV72	X94164
Human papillomavirus 74	HPV74	AF436130
Human papillomavirus 75	HPV75	Y15173
Human papillomavirus 76	HPV76	Y15174
Human papillomavirus 77	HPV77	Y15175
Human papillomavirus 78	HPV78	KC138720
Human papillomavirus 80	HPV80	Y15176
Human papillomavirus 81	HPV81	AJ620209
Human papillomavirus 83	HPV83	AF151983
Human papillomavirus 84	HPV84	AF293960
Human papillomavirus 85	HPV85	AF131950
Human papillomavirus 86	HPV86	AF349909
Human papillomavirus 87	HPV87	AJ400628
Human papillomavirus 88	HPV88	EF467176
Human papillomavirus 89	HPV89	AF436128
Human papillomavirus 90	HPV90	AY057438
Human papillomavirus 91	HPV91	AF419318
Human papillomavirus 92	HPV92	AF531420
Human papillomavirus 93	HPV93	AY382778
Human papillomavirus 94	HPV94	AJ620211
Human papillomavirus 95	HPV95	AJ620210
Human papillomavirus 96	HPV96	AY382779
Human papillomavirus 97	HPV97	DQ080080
Human papillomavirus 98	HPV98	FM955837
Human papillomavirus 99	HPV99	FM955838
Human papillomavirus 100	HPV100	FM955839
Human papillomavirus 101	HPV101	DQ080081
Human papillomavirus 102	HPV102	DQ080083
Human papillomavirus 103	HPV103	DQ080078
Human papillomavirus 104	HPV104	FM955840
Human papillomavirus 105	HPV105	FM955841
Human papillomavirus 106	HPV106	DQ080082
Human papillomavirus 107	HPV107	EF422221
Human papillomavirus 108	HPV108	FM212639
Human papillomavirus 109	HPV109	EU541441
Human papillomavirus 110	HPV110	EU410348
Human papillomavirus 111	HPV111	EU410349
Human papillomavirus 112	HPV112	EU541442
Human papillomavirus 113	HPV113	FM955842
Human papillomavirus 114	HPV114	GQ244463
Human papillomavirus 115	HPV115	FJ947080
Human papillomavirus 116	HPV116	FJ804072
Human papillomavirus 117	HPV117	GQ246950
Human papillomavirus 118	HPV118	GQ246951
Human papillomavirus 119	HPV119	GQ845441
Human papillomavirus 120	HPV120	GQ845442
Human papillomavirus 121	HPV121	GQ845443
Human papillomavirus 122	HPV122	GQ845444
Human papillomavirus 123	HPV123	GQ845445
Human papillomavirus 124	HPV124	GQ845446
Human papillomavirus 125	HPV125	FN547152
Human papillomavirus 126	HPV126	AB646346
Human papillomavirus 127	HPV127	HM011570
Human papillomavirus 128	HPV128	GU225708
Human papillomavirus 129	HPV129	GU233853
Human papillomavirus 130	HPV130	GU117630
Human papillomavirus 131	HPV131	GU117631
Human papillomavirus 132	HPV132	GU117632
Human papillomavirus 133	HPV133	GU117633
Human papillomavirus 134	HPV134	GU117634
Human papillomavirus 135	HPV135	HM999987
Human papillomavirus 136	HPV136	HM999988
Human papillomavirus 137	HPV137	HM999989
Human papillomavirus 138	HPV138	HM999990
Human papillomavirus 139	HPV139	HM999991
Human papillomavirus 140	HPV140	HM999992
Human papillomavirus 141	HPV141	HM999993
Human papillomavirus 142	HPV142	HM999994
Human papillomavirus 143	HPV143	HM999995
Human papillomavirus 144	HPV144	HM999996
Human papillomavirus 145	HPV145	HM999997
Human papillomavirus 146	HPV146	HM999998
Human papillomavirus 147	HPV147	HM999999
Human papillomavirus 148	HPV148	GU129016
Human papillomavirus 149	HPV149	GU117629
Human papillomavirus 150	HPV150	FN677755
Human papillomavirus 151	HPV151	FN677756
Human papillomavirus 152	HPV152	JF304768
Human papillomavirus 153	HPV153	JN171845
Human papillomavirus 154	HPV154	JN211193
Human papillomavirus 155	HPV155	JF906559
Human papillomavirus 156	HPV156	JX429973
Human papillomavirus 159	HPV159	HE963025
Human papillomavirus 160	HPV160	AB745694
Human papillomavirus 161	HPV161	JX413109
Human papillomavirus 162	HPV162	JX413108
Human papillomavirus 163	HPV163	JX413107
Human papillomavirus 164	HPV164	JX413106
Human papillomavirus 165	HPV165	JX444072
Human papillomavirus 166	HPV166	JX413104
Human papillomavirus 167	HPV167	KC862318
Human papillomavirus 168	HPV168	KC862317
Human papillomavirus 169	HPV169	JX413105
Human papillomavirus 170	HPV170	JX413110
Human papillomavirus 171	HPV171	KF006398
Human papillomavirus 172	HPV172	KF006399
Human papillomavirus 173	HPV173	KF006400
Human papillomavirus 174	HPV174	HF930491
Human papillomavirus 175	HPV175	KC108721
Human papillomavirus 178	HPV178	KJ130020
Human papillomavirus 179	HPV179	HG421739
Human papillomavirus 180	HPV180	KC108722
Human papillomavirus 184	HPV184	HG530535
Human papillomavirus 197	HPV197	KM085343
Human papillomavirus 199	HPV199	KJ913662
Human papillomavirus -mCG2	HPV-mCG2	JF966378
Human papillomavirus -mCG3	HPV-mCG3	JF966379
Human papillomavirus -mCH2	HPV-mCH2	KF791917
Human papillomavirus -mFD1	HPV-mFD1	JF966375
Human papillomavirus -mFD2	HPV-mFD2	JF966376
Human papillomavirus -mFS1	HPV-mFS1	JF966373
Human papillomavirus -mFi864	HPV-mFi864	KC311731
Human papillomavirus -mKC5	HPV-mKC5	JX444073
Human papillomavirus -mKN1	HPV-mKN1	JF966371
Human papillomavirus -mKN2	HPV-mKN2	JF966372
Human papillomavirus -mKN3	HPV-mKN3	JF966374
Human papillomavirus -mL55	HPV-mL55	KF482069
Human papillomavirus -mRTRX7	HPV-mRTRX7	U85660
Human papillomavirus -mSD2	HPV-mSD2	KC113191
